Row #,Species,Count,Location,S/P,Date,LocID,SubID,Coords
1,American Golden-Plover - Pluvialis dominica,1,Sandy Hook--North End,US-NJ,05 Jul 2021,L984762,S91323966,"40.4769212,-74.0107298"
2,White Ibis - Eudocimus albus,1,Sandy Hook--North End,US-NJ,05 Jul 2021,L984762,S91323966,"40.4769212,-74.0107298"
3,Cliff Swallow - Petrochelidon pyrrhonota,,Abbott Marshlands--John A. Roebling Park,US-NJ,27 Jun 2021,L2099614,S90899594,"40.1944134,-74.7327805"
4,Grasshopper Sparrow - Ammodramus savannarum,1,Pole Farm (Mercer County Park NW),US-NJ,27 Jun 2021,L251091,S90899426,"40.316411,-74.747477"
5,Eastern Meadowlark - Sturnella magna,1,Pole Farm (Mercer County Park NW),US-NJ,27 Jun 2021,L251091,S90899426,"40.316411,-74.747477"
6,Dickcissel - Spiza americana,1,Pole Farm (Mercer County Park NW),US-NJ,27 Jun 2021,L251091,S90899426,"40.316411,-74.747477"
7,Bank Swallow - Riparia riparia,5,Great Kills Park--Mudflats,US-NY,12 Jun 2021,L681809,S90088931,"40.5464104,-74.1182005"
8,Marsh Wren - Cistothorus palustris,2,Richard A. Rutkowski Park,US-NJ,10 Jun 2021,L716945,S89975647,"40.6877528,-74.1107252"
9,Orchard Oriole - Icterus spurius,1,Liberty SP,US-NJ,06 Jun 2021,L189035,S89750749,"40.7025698,-74.0493536"
10,Red-necked Phalarope - Phalaropus lobatus,3,Edwin B. Forsythe NWR--Wildlife Drive (8-mile auto tour loop only),US-NJ,23 May 2021,L92448,S88936614,"39.464298,-74.417612"
11,Gull-billed Tern - Gelochelidon nilotica,3,Edwin B. Forsythe NWR--Wildlife Drive (8-mile auto tour loop only),US-NJ,23 May 2021,L92448,S88936614,"39.464298,-74.417612"
12,Caspian Tern - Hydroprogne caspia,1,Edwin B. Forsythe NWR--Wildlife Drive (8-mile auto tour loop only),US-NJ,23 May 2021,L92448,S88936614,"39.464298,-74.417612"
13,Black Skimmer - Rynchops niger,35,Edwin B. Forsythe NWR--Wildlife Drive (8-mile auto tour loop only),US-NJ,23 May 2021,L92448,S88936614,"39.464298,-74.417612"
14,Red Knot - Calidris canutus,20,East Point Lighthouse,US-NJ,22 May 2021,L527266,S88934536,"39.1963928,-75.0278878"
15,Short-billed Dowitcher - Limnodromus griseus,,East Point Lighthouse,US-NJ,22 May 2021,L527266,S88934536,"39.1963928,-75.0278878"
16,Clapper Rail - Rallus crepitans,1,Stone Harbor Point,US-NJ,22 May 2021,L197073,S88933496,"39.0317999,-74.7723111"
17,Semipalmated Plover - Charadrius semipalmatus,,Stone Harbor Point,US-NJ,22 May 2021,L197073,S88933496,"39.0317999,-74.7723111"
18,Piping Plover - Charadrius melodus,1,Stone Harbor Point,US-NJ,22 May 2021,L197073,S88933496,"39.0317999,-74.7723111"
19,Little Blue Heron - Egretta caerulea,1,Cape Island--Cape May Point SP (CMPSP),US-NJ,22 May 2021,L109132,S88933084,"38.9338272,-74.9550854"
20,Willow Flycatcher - Empidonax traillii,1,Liberty SP,US-NJ,18 May 2021,L189035,S88494359,"40.7025698,-74.0493536"
21,Wilson's Phalarope - Phalaropus tricolor,1,Richard W. DeKorte Park,US-NJ,13 May 2021,L389007,S88034942,"40.7833,-74.1025167"
22,Lesser Yellowlegs - Tringa flavipes,,Richard W. DeKorte Park,US-NJ,13 May 2021,L389007,S88034942,"40.7833,-74.1025167"
23,Least Tern - Sternula antillarum,1,Richard W. DeKorte Park,US-NJ,13 May 2021,L389007,S88034942,"40.7833,-74.1025167"
24,Worm-eating Warbler - Helmitheros vermivorum,1,Liberty SP,US-NJ,13 May 2021,L189035,S88007050,"40.7025698,-74.0493536"
25,Chestnut-sided Warbler - Setophaga pensylvanica,1,Liberty SP,US-NJ,13 May 2021,L189035,S88007050,"40.7025698,-74.0493536"
26,Prairie Warbler - Setophaga discolor,1,Liberty SP,US-NJ,13 May 2021,L189035,S88007050,"40.7025698,-74.0493536"
27,Yellow-throated Vireo - Vireo flavifrons,1,Old Mine Road IBA (Warren County only),US-NJ,09 May 2021,L735899,S87652414,"40.9993797,-75.1110234"
28,Red-eyed Vireo - Vireo olivaceus,1,Old Mine Road IBA (Warren County only),US-NJ,09 May 2021,L735899,S87652414,"40.9993797,-75.1110234"
29,Northern Rough-winged Swallow - Stelgidopteryx serripennis,3,Old Mine Road IBA (Warren County only),US-NJ,09 May 2021,L735899,S87652414,"40.9993797,-75.1110234"
30,Hooded Warbler - Setophaga citrina,1,Old Mine Road IBA (Warren County only),US-NJ,09 May 2021,L735899,S87652414,"40.9993797,-75.1110234"
31,Louisiana Waterthrush - Parkesia motacilla,1,Garret Mountain Reservation (Park),US-NJ,08 May 2021,L209818,S87461203,"40.8995168,-74.1791808"
32,Rose-breasted Grosbeak - Pheucticus ludovicianus,1,Garret Mountain Reservation (Park),US-NJ,08 May 2021,L209818,S87461203,"40.8995168,-74.1791808"
33,Eastern Kingbird - Tyrannus tyrannus,1,Liberty SP,US-NJ,06 May 2021,L189035,S87281565,"40.7025698,-74.0493536"
34,Solitary Sandpiper - Tringa solitaria,1,Meadowlands IBA--Losen Slote Creek Park,US-NJ,04 May 2021,L459765,S87138433,"40.8389034,-74.038893"
35,Wood Thrush - Hylocichla mustelina,1,Meadowlands IBA--Losen Slote Creek Park,US-NJ,04 May 2021,L459765,S87138433,"40.8389034,-74.038893"
36,Spotted Sandpiper - Actitis macularius,1,Lincoln Park West,US-NJ,04 May 2021,L189040,S87114056,"40.72641,-74.090546"
37,Green Heron - Butorides virescens,1,Lincoln Park West,US-NJ,04 May 2021,L189040,S87114056,"40.72641,-74.090546"
38,Evening Grosbeak - Coccothraustes vespertinus,1,Lincoln Park West,US-NJ,04 May 2021,L189040,S87114056,"40.72641,-74.090546"
39,Blue-gray Gnatcatcher - Polioptila caerulea,1,The Celery Farm,US-NJ,02 May 2021,L229904,S86972587,"41.0364972,-74.1271909"
40,Veery - Catharus fuscescens,1,Borg's Woods,US-NJ,02 May 2021,L2124257,S86971700,"40.9057611,-74.0533555"
41,House Wren - Troglodytes aedon,1,Meadowlands IBA--Losen Slote Creek Park,US-NJ,02 May 2021,L459765,S86951293,"40.8389034,-74.038893"
42,Baltimore Oriole - Icterus galbula,2,Meadowlands IBA--Losen Slote Creek Park,US-NJ,02 May 2021,L459765,S86951293,"40.8389034,-74.038893"
43,Ovenbird - Seiurus aurocapilla,1,Schmidt's Woods,US-NJ,01 May 2021,L1793719,S86863368,"40.8002449,-74.0497181"
44,Yellow Warbler - Setophaga petechia,1,Meadowlands IBA--Mill Creek Marsh,US-NJ,01 May 2021,L389014,S86862396,"40.7959347,-74.0498471"
45,Purple Martin - Progne subis,6,Great Swamp NWR,US-NJ,21 Apr 2021,L302963,S86057350,"40.7138227,-74.463013"
46,Blue-headed Vireo - Vireo solitarius,1,Liberty SP,US-NJ,21 Apr 2021,L189035,S86057045,"40.7025698,-74.0493536"
47,Brown Thrasher - Toxostoma rufum,1,Liberty SP,US-NJ,21 Apr 2021,L189035,S86057045,"40.7025698,-74.0493536"
48,Black-bellied Plover - Pluvialis squatarola,4,Edwin B. Forsythe NWR--Wildlife Drive (8-mile auto tour loop only),US-NJ,18 Apr 2021,L92448,S85868728,"39.464298,-74.417612"
49,Dunlin - Calidris alpina,50,Edwin B. Forsythe NWR--Wildlife Drive (8-mile auto tour loop only),US-NJ,18 Apr 2021,L92448,S85868728,"39.464298,-74.417612"
50,Bonaparte's Gull - Chroicocephalus philadelphia,1,Edwin B. Forsythe NWR--Wildlife Drive (8-mile auto tour loop only),US-NJ,18 Apr 2021,L92448,S85868728,"39.464298,-74.417612"
51,Forster's Tern - Sterna forsteri,15,Edwin B. Forsythe NWR--Wildlife Drive (8-mile auto tour loop only),US-NJ,18 Apr 2021,L92448,S85868728,"39.464298,-74.417612"
52,Willet - Tringa semipalmata,3,"7079 U.S. 322, Pleasantville, New Jersey, US (39.382, -74.503)",US-NJ,18 Apr 2021,L14520215,S85868450,"39.382111, -74.502500"
53,Great Horned Owl - Bubo virginianus,4,Schmidt's Woods,US-NJ,10 Apr 2021,L1793719,S86762256,"40.8002449,-74.0497181"
54,Glossy Ibis - Plegadis falcinellus,2,Meadowlands IBA--Mill Creek Marsh,US-NJ,03 Apr 2021,L389014,S84715550,"40.7959347,-74.0498471"
55,Lesser Scaup - Aythya affinis,2,Duhernal Lake,US-NJ,21 Mar 2021,L4024523,S83833491,"40.4037689,-74.3714762"
56,Pied-billed Grebe - Podilymbus podiceps,1,Duhernal Lake,US-NJ,21 Mar 2021,L4024523,S83833491,"40.4037689,-74.3714762"
57,Wood Duck - Aix sponsa,2,Duke Island Park,US-NJ,21 Mar 2021,L1245095,S83832475,"40.5527165,-74.6641022"
58,Greater Scaup - Aythya marila,18,Liberty SP,US-NJ,20 Mar 2021,L189035,S83778519,"40.7025698,-74.0493536"
59,Wild Turkey - Meleagris gallopavo,11,The Celery Farm,US-NJ,14 Mar 2021,L229904,S83419398,"41.0364972,-74.1271909"
60,American Woodcock - Scolopax minor,2,Liberty SP,US-NJ,13 Mar 2021,L189035,S83359122,"40.7025698,-74.0493536"
61,Iceland Gull - Larus glaucoides,1,Liberty SP,US-NJ,15 Feb 2021,L189035,S81642885,"40.7025698,-74.0493536"
62,American Tree Sparrow - Spizelloides arborea,1,Richard W. DeKorte Park,US-NJ,06 Feb 2021,L389007,S80539116,"40.7833,-74.1025167"
63,Virginia Rail - Rallus limicola,1,The Celery Farm,US-NJ,31 Jan 2021,L229904,S80213524,"41.0364972,-74.1271909"
64,Snowy Owl - Bubo scandiacus,1,Stephen R. Gregg County Park,US-NJ,30 Jan 2021,L389567,S80294714,"40.6818096,-74.1146278"
65,Townsend's Warbler - Setophaga townsendi,1,"stakeout Townsend's Warbler, Fycke Ln, Teaneck (2021)",US-NJ,24 Jan 2021,L13323984,S79830147,"40.8798863,-74.0087168"
66,King Eider - Somateria spectabilis,1,Manasquan Inlet (Monmouth Co.),US-NJ,23 Jan 2021,L13114649,S79775378,"40.103602, -74.034932"
67,Rusty Blackbird - Euphagus carolinus,1,The Celery Farm,US-NJ,18 Jan 2021,L229904,S79511919,"41.0364972,-74.1271909"
68,Carolina Chickadee - Poecile carolinensis,2,"281 South New York Road, Galloway, New Jersey, US (39.458, -74.465)",US-NJ,17 Jan 2021,L13306892,S79436835,"39.458, -74.465"
69,Common Redpoll - Acanthis flammea,15,Liberty SP,US-NJ,14 Jan 2021,L189035,S79247693,"40.7025698,-74.0493536"
70,Fox Sparrow - Passerella iliaca,1,Liberty SP,US-NJ,14 Jan 2021,L189035,S79247693,"40.7025698,-74.0493536"
71,Harlequin Duck - Histrionicus histrionicus,10,Barnegat Lighthouse SP,US-NJ,10 Jan 2021,L161004,S79057902,"39.7633333,-74.1058333"
72,Ruddy Turnstone - Arenaria interpres,4,Barnegat Lighthouse SP,US-NJ,10 Jan 2021,L161004,S79057902,"39.7633333,-74.1058333"
73,Purple Sandpiper - Calidris maritima,3,Barnegat Lighthouse SP,US-NJ,10 Jan 2021,L161004,S79057902,"39.7633333,-74.1058333"
74,Great Cormorant - Phalacrocorax carbo,1,Barnegat Lighthouse SP,US-NJ,10 Jan 2021,L161004,S79057902,"39.7633333,-74.1058333"
75,Boat-tailed Grackle - Quiscalus major,2,Barnegat Lighthouse SP,US-NJ,10 Jan 2021,L161004,S79057902,"39.7633333,-74.1058333"
76,Common Merganser - Mergus merganser,17,Overpeck County Park,US-NJ,09 Jan 2021,L283804,S78960013,"40.8665581,-74.0011184"
77,White-winged Scoter - Melanitta deglandi,3,"Sandy Hook--Lot I, Proving Grounds, and North Beach Pavillion",US-NJ,01 Jan 2021,L10874116,S78434028,"40.467049, -73.998396"
78,Long-tailed Duck - Clangula hyemalis,5,"Sandy Hook--Lot I, Proving Grounds, and North Beach Pavillion",US-NJ,01 Jan 2021,L10874116,S78434028,"40.467049, -73.998396"
79,Common Loon - Gavia immer,1,"Sandy Hook--Lot I, Proving Grounds, and North Beach Pavillion",US-NJ,01 Jan 2021,L10874116,S78434028,"40.467049, -73.998396"
80,Horned Lark - Eremophila alpestris,10,"Sandy Hook--Lot I, Proving Grounds, and North Beach Pavillion",US-NJ,01 Jan 2021,L10874116,S78434028,"40.467049, -73.998396"
81,Field Sparrow - Spizella pusilla,1,"Sandy Hook--Lot I, Proving Grounds, and North Beach Pavillion",US-NJ,01 Jan 2021,L10874116,S78434028,"40.467049, -73.998396"
82,Snow Goose - Anser caerulescens,2,Jamaica Bay Wildlife Refuge--West Pond,US-NY,26 Dec 2020,L109145,S78016205,"40.6188482,-73.8307995"
83,Orange-crowned Warbler - Leiothlypis celata,1,Jamaica Bay Wildlife Refuge--West Pond,US-NY,26 Dec 2020,L109145,S78016205,"40.6188482,-73.8307995"
84,Monk Parakeet - Myiopsitta monachus,17,Ridgefield Park--Monk Parakeet Colony,US-NJ,20 Dec 2020,L2190729,S77760285,"40.833114, -74.011545"
85,Northern Harrier - Circus hudsonius,2,Meadowlands IBA--Mill Creek Marsh,US-NJ,19 Dec 2020,L389014,S77674226,"40.7959347,-74.0498471"
86,Swamp Sparrow - Melospiza georgiana,1,Meadowlands IBA--Mill Creek Marsh,US-NJ,19 Dec 2020,L389014,S77674226,"40.7959347,-74.0498471"
87,Canvasback - Aythya valisineria,10,Richard W. DeKorte Park--Marsh Discovery Trail,US-NJ,04 Dec 2020,L1794321,S77054196,"40.785376,-74.1005132"
88,American Coot - Fulica americana,1,Richard W. DeKorte Park--Marsh Discovery Trail,US-NJ,04 Dec 2020,L1794321,S77054196,"40.785376,-74.1005132"
89,Common Eider - Somateria mollissima,3,Sandy Hook--C Lot & Beach,US-NJ,29 Nov 2020,L2445730,S76876584,"40.4173516,-73.9810753"
90,Red-breasted Merganser - Mergus serrator,3,Sandy Hook--C Lot & Beach,US-NJ,29 Nov 2020,L2445730,S76876584,"40.4173516,-73.9810753"
91,Surf Scoter - Melanitta perspicillata,11,"Sandy Hook--Lot I, Proving Grounds, and North Beach Pavillion",US-NJ,29 Nov 2020,L10874116,S76875722,"40.467049, -73.998396"
92,Red-throated Loon - Gavia stellata,1,"Sandy Hook--Lot I, Proving Grounds, and North Beach Pavillion",US-NJ,29 Nov 2020,L10874116,S76875722,"40.467049, -73.998396"
93,Snow Bunting - Plectrophenax nivalis,50,"Sandy Hook--Lot I, Proving Grounds, and North Beach Pavillion",US-NJ,29 Nov 2020,L10874116,S76875722,"40.467049, -73.998396"
94,White-breasted Nuthatch - Sitta carolinensis,1,Great Swamp NWR--Wildlife Observation Center,US-NJ,27 Nov 2020,L722649,S76773402,"40.712492,-74.4879055"
95,Winter Wren - Troglodytes hiemalis,1,Great Swamp NWR--Wildlife Observation Center,US-NJ,27 Nov 2020,L722649,S76773402,"40.712492,-74.4879055"
96,Tennessee Warbler - Leiothlypis peregrina,1,Great Swamp NWR--Wildlife Observation Center,US-NJ,27 Nov 2020,L722649,S76773402,"40.712492,-74.4879055"
97,Hairy Woodpecker - Dryobates villosus,1,The Celery Farm,US-NJ,22 Nov 2020,L229904,S76582052,"41.0364972,-74.1271909"
98,Pileated Woodpecker - Dryocopus pileatus,2,The Celery Farm,US-NJ,22 Nov 2020,L229904,S76582052,"41.0364972,-74.1271909"
99,Common Raven - Corvus corax,1,"Mercer Street, Jersey City, New Jersey, US",US-NJ,16 Nov 2020,L11465561,S76337070,"40.718171, -74.045039"
100,Northern Pintail - Anas acuta,11,Richard W. DeKorte Park--Marsh Discovery Trail,US-NJ,14 Nov 2020,L1794321,S76260125,"40.785376,-74.1005132"
101,Hooded Merganser - Lophodytes cucullatus,3,Richard W. DeKorte Park--Marsh Discovery Trail,US-NJ,14 Nov 2020,L1794321,S76260125,"40.785376,-74.1005132"
102,Bufflehead - Bucephala albeola,2,Jamaica Bay Wildlife Refuge--East Pond,US-NY,08 Nov 2020,L109144,S76025584,"40.6226854,-73.8220096"
103,Eared Grebe - Podiceps nigricollis,1,Jamaica Bay Wildlife Refuge--East Pond,US-NY,08 Nov 2020,L109144,S76025584,"40.6226854,-73.8220096"
104,Black-capped Chickadee - Poecile atricapillus,3,Jamaica Bay Wildlife Refuge--West Pond,US-NY,08 Nov 2020,L109145,S76024668,"40.6188482,-73.8307995"
105,Hermit Thrush - Catharus guttatus,1,Van Vorst Park,US-NJ,27 Oct 2020,L2824993,S75499260,"40.7180543,-74.0471381"
106,Black Scoter - Melanitta americana,40,Cape Island--CMPSP--Hawkwatch Platform,US-NJ,24 Oct 2020,L92443,S75363104,"38.9328558,-74.9579416"
107,American Bittern - Botaurus lentiginosus,1,Cape Island--CMPSP--Hawkwatch Platform,US-NJ,24 Oct 2020,L92443,S75363104,"38.9328558,-74.9579416"
108,Ruddy Duck - Oxyura jamaicensis,3,Cape Island--South Cape May Meadows (SCMM),US-NJ,24 Oct 2020,L109136,S75363018,"38.9359287,-74.9434519"
109,Red-shouldered Hawk - Buteo lineatus,1,Cape Island--South Cape May Meadows (SCMM),US-NJ,24 Oct 2020,L109136,S75363018,"38.9359287,-74.9434519"
110,Blue-winged Teal - Spatula discors,3,Cape Island--Cape May Point SP (CMPSP),US-NJ,24 Oct 2020,L109132,S75360185,"38.9338272,-74.9550854"
111,Cooper's Hawk - Accipiter cooperii,1,Cape Island--Cape May Point SP (CMPSP),US-NJ,24 Oct 2020,L109132,S75360185,"38.9338272,-74.9550854"
112,Tree Swallow - Tachycineta bicolor,10,Cape Island--Cape May Point SP (CMPSP),US-NJ,24 Oct 2020,L109132,S75360185,"38.9338272,-74.9550854"
113,Purple Finch - Haemorhous purpureus,1,Cape Island--Cape May Point SP (CMPSP),US-NJ,24 Oct 2020,L109132,S75360185,"38.9338272,-74.9550854"
114,Pine Siskin - Spinus pinus,25,Cape Island--Cape May Point SP (CMPSP),US-NJ,24 Oct 2020,L109132,S75360185,"38.9338272,-74.9550854"
115,Indigo Bunting - Passerina cyanea,1,Cape Island--Cape May Point SP (CMPSP),US-NJ,24 Oct 2020,L109132,S75360185,"38.9338272,-74.9550854"
116,Brant - Branta bernicla,100,Liberty SP,US-NJ,17 Oct 2020,L189035,S74975444,"40.7025698,-74.0493536"
117,Red-breasted Nuthatch - Sitta canadensis,1,Liberty SP,US-NJ,17 Oct 2020,L189035,S74975444,"40.7025698,-74.0493536"
118,Sharp-shinned Hawk - Accipiter striatus,2,Liberty SP,US-NJ,17 Oct 2020,L189035,S74975348,"40.7025698,-74.0493536"
119,Brown Creeper - Certhia americana,1,Liberty SP,US-NJ,17 Oct 2020,L189035,S74975348,"40.7025698,-74.0493536"
120,Gadwall - Mareca strepera,2,Bayonne Golf Club,US-NJ,10 Oct 2020,L612612,S74664393,"40.6649251,-74.096083"
121,American Wigeon - Mareca americana,9,Bayonne Golf Club,US-NJ,10 Oct 2020,L612612,S74664393,"40.6649251,-74.096083"
122,Horned Grebe - Podiceps auritus,2,Bayonne Golf Club,US-NJ,10 Oct 2020,L612612,S74664393,"40.6649251,-74.096083"
123,Belted Kingfisher - Megaceryle alcyon,1,Bayonne Golf Club,US-NJ,10 Oct 2020,L612612,S74664393,"40.6649251,-74.096083"
124,Merlin - Falco columbarius,1,Bayonne Golf Club,US-NJ,10 Oct 2020,L612612,S74664393,"40.6649251,-74.096083"
125,White-crowned Sparrow - Zonotrichia leucophrys,1,Bayonne Golf Club,US-NJ,10 Oct 2020,L612612,S74664393,"40.6649251,-74.096083"
126,Brown Booby - Sula leucogaster,2,Veterans Park,US-NJ,10 Oct 2020,L12435104,S74658957,"40.6717756,-74.1259477"
127,Black Vulture - Coragyps atratus,1,Palisades Park IBA--State Line Lookout,US-NJ,10 Oct 2020,L485624,S74642298,"40.989621,-73.9060539"
128,Bald Eagle - Haliaeetus leucocephalus,1,Palisades Park IBA--State Line Lookout,US-NJ,10 Oct 2020,L485624,S74642298,"40.989621,-73.9060539"
129,Peregrine Falcon - Falco peregrinus,2,Palisades Park IBA--State Line Lookout,US-NJ,10 Oct 2020,L485624,S74642298,"40.989621,-73.9060539"
130,Tufted Titmouse - Baeolophus bicolor,2,Palisades Park IBA--State Line Lookout,US-NJ,10 Oct 2020,L485624,S74642298,"40.989621,-73.9060539"
131,Green-winged Teal - Anas crecca,40,Meadowlands IBA--Mill Creek Marsh,US-NJ,10 Oct 2020,L389014,S74664426,"40.7959347,-74.0498471"
132,Dark-eyed Junco - Junco hyemalis,2,Liberty SP,US-NJ,04 Oct 2020,L189035,S74411545,"40.7025698,-74.0493536"
133,Yellow-bellied Sapsucker - Sphyrapicus varius,1,Liberty SP,US-NJ,03 Oct 2020,L189035,S74380349,"40.7025698,-74.0493536"
134,Golden-crowned Kinglet - Regulus satrapa,1,Liberty SP,US-NJ,03 Oct 2020,L189035,S74380349,"40.7025698,-74.0493536"
135,Blackpoll Warbler - Setophaga striata,1,Liberty SP,US-NJ,03 Oct 2020,L189035,S74380349,"40.7025698,-74.0493536"
136,Black-throated Blue Warbler - Setophaga caerulescens,2,Liberty SP,US-NJ,03 Oct 2020,L189035,S74380349,"40.7025698,-74.0493536"
137,Palm Warbler - Setophaga palmarum,,Liberty SP,US-NJ,03 Oct 2020,L189035,S74380349,"40.7025698,-74.0493536"
138,Pine Warbler - Setophaga pinus,,Liberty SP,US-NJ,03 Oct 2020,L189035,S74380349,"40.7025698,-74.0493536"
139,Yellow-rumped Warbler - Setophaga coronata,,Liberty SP,US-NJ,03 Oct 2020,L189035,S74380349,"40.7025698,-74.0493536"
140,Northern Shoveler - Spatula clypeata,4,Liberty SP,US-NJ,01 Oct 2020,L189035,S74297661,"40.7025698,-74.0493536"
141,Red-bellied Woodpecker - Melanerpes carolinus,1,Van Vorst Park,US-NJ,30 Sep 2020,L2824993,S74251336,"40.7180543,-74.0471381"
142,American Kestrel - Falco sparverius,1,Sandy Hook--Platform & North Pond,US-NJ,27 Sep 2020,L678246,S74117911,"40.4716,-74.0059876"
143,Sanderling - Calidris alba,60,"Sandy Hook--Lot I, Proving Grounds, and North Beach Pavillion",US-NJ,27 Sep 2020,L10874116,S74114298,"40.467049, -73.998396"
144,Royal Tern - Thalasseus maximus,1,"Sandy Hook--Lot I, Proving Grounds, and North Beach Pavillion",US-NJ,27 Sep 2020,L10874116,S74114298,"40.467049, -73.998396"
145,Ruby-crowned Kinglet - Regulus calendula,1,Liberty SP,US-NJ,26 Sep 2020,L189035,S74082326,"40.7025698,-74.0493536"
146,Eastern Towhee - Pipilo erythrophthalmus,1,Liberty SP,US-NJ,26 Sep 2020,L189035,S74082326,"40.7025698,-74.0493536"
147,Black-and-white Warbler - Mniotilta varia,1,Liberty SP,US-NJ,26 Sep 2020,L189035,S74082326,"40.7025698,-74.0493536"
148,American Redstart - Setophaga ruticilla,1,Liberty SP,US-NJ,26 Sep 2020,L189035,S74082326,"40.7025698,-74.0493536"
149,Northern Parula - Setophaga americana,1,Liberty SP,US-NJ,26 Sep 2020,L189035,S74082326,"40.7025698,-74.0493536"
150,Red-tailed Hawk - Buteo jamaicensis,1,Liberty SP,US-NJ,25 Sep 2020,L189035,S74027934,"40.7025698,-74.0493536"
151,Killdeer - Charadrius vociferus,2,Liberty SP,US-NJ,23 Sep 2020,L189035,S73951386,"40.7025698,-74.0493536"
152,Downy Woodpecker - Dryobates pubescens,1,Liberty SP,US-NJ,23 Sep 2020,L189035,S73951386,"40.7025698,-74.0493536"
153,Northern Flicker - Colaptes auratus,1,Liberty SP,US-NJ,23 Sep 2020,L189035,S73951386,"40.7025698,-74.0493536"
154,Eastern Wood-Pewee - Contopus virens,1,Liberty SP,US-NJ,20 Sep 2020,L189035,S73860333,"40.7025698,-74.0493536"
155,Eastern Phoebe - Sayornis phoebe,1,Liberty SP,US-NJ,20 Sep 2020,L189035,S73860333,"40.7025698,-74.0493536"
156,Swainson's Thrush - Catharus ustulatus,1,Liberty SP,US-NJ,20 Sep 2020,L189035,S73860333,"40.7025698,-74.0493536"
157,White-throated Sparrow - Zonotrichia albicollis,3,Liberty SP,US-NJ,20 Sep 2020,L189035,S73860333,"40.7025698,-74.0493536"
158,Magnolia Warbler - Setophaga magnolia,1,Liberty SP,US-NJ,20 Sep 2020,L189035,S73860333,"40.7025698,-74.0493536"
159,Black-throated Green Warbler - Setophaga virens,1,Liberty SP,US-NJ,20 Sep 2020,L189035,S73860333,"40.7025698,-74.0493536"
160,American Black Duck - Anas rubripes,3,Liberty SP,US-NJ,18 Sep 2020,L189035,S73731862,"40.7025698,-74.0493536"
161,Osprey - Pandion haliaetus,1,Liberty SP,US-NJ,16 Sep 2020,L189035,S73659530,"40.7025698,-74.0493536"
162,Savannah Sparrow - Passerculus sandwichensis,1,Liberty SP,US-NJ,16 Sep 2020,L189035,S73659530,"40.7025698,-74.0493536"
163,Scarlet Tanager - Piranga olivacea,1,Meadowlands IBA--Mill Creek Marsh,US-NJ,13 Sep 2020,L389014,S73559360,"40.7959347,-74.0498471"
164,Blue Jay - Cyanocitta cristata,1,Great Swamp NWR--Wildlife Observation Center,US-NJ,13 Sep 2020,L722649,S73567606,"40.712492,-74.4879055"
165,Eastern Bluebird - Sialia sialis,2,Great Swamp NWR--Fenske Visitor Center,US-NJ,13 Sep 2020,L1089944,S73546316,"40.7191602,-74.525671"
166,Fish Crow - Corvus ossifragus,1,"Sep 10, 2020 3:39 PM
40.724, -74.041",US-NJ,10 Sep 2020,L12262340,S73430861,"40.7237564,-74.040544"
167,American Oystercatcher - Haematopus palliatus,1,Liberty SP,US-NJ,07 Sep 2020,L189035,S73294184,"40.7025698,-74.0493536"
168,Laughing Gull - Leucophaeus atricilla,,Liberty SP,US-NJ,07 Sep 2020,L189035,S73294184,"40.7025698,-74.0493536"
169,Great Black-backed Gull - Larus marinus,1,Liberty SP,US-NJ,07 Sep 2020,L189035,S73294184,"40.7025698,-74.0493536"
170,Great Blue Heron - Ardea herodias,2,Liberty SP,US-NJ,07 Sep 2020,L189035,S73294184,"40.7025698,-74.0493536"
171,Black-crowned Night-Heron - Nycticorax nycticorax,2,Liberty SP,US-NJ,07 Sep 2020,L189035,S73294184,"40.7025698,-74.0493536"
172,Yellow-crowned Night-Heron - Nyctanassa violacea,1,Liberty SP,US-NJ,07 Sep 2020,L189035,S73294184,"40.7025698,-74.0493536"
173,Turkey Vulture - Cathartes aura,2,Liberty SP,US-NJ,07 Sep 2020,L189035,S73294184,"40.7025698,-74.0493536"
174,Ruby-throated Hummingbird - Archilochus colubris,1,"Mercer Street, Jersey City, New Jersey, US",US-NJ,01 Sep 2020,L11465561,S73079356,"40.718171, -74.045039"
175,Least Sandpiper - Calidris minutilla,7,Richard W. DeKorte Park,US-NJ,30 Aug 2020,L389007,S72981667,"40.7833,-74.1025167"
176,Carolina Wren - Thryothorus ludovicianus,1,Richard W. DeKorte Park,US-NJ,30 Aug 2020,L389007,S72981667,"40.7833,-74.1025167"
177,American Goldfinch - Spinus tristis,3,Richard W. DeKorte Park,US-NJ,30 Aug 2020,L389007,S72981667,"40.7833,-74.1025167"
178,Semipalmated Sandpiper - Calidris pusilla,,Meadowlands IBA--Mill Creek Marsh,US-NJ,30 Aug 2020,L389014,S72977751,"40.7959347,-74.0498471"
179,Greater Yellowlegs - Tringa melanoleuca,3,Meadowlands IBA--Mill Creek Marsh,US-NJ,30 Aug 2020,L389014,S72977751,"40.7959347,-74.0498471"
180,Herring Gull - Larus argentatus,1,Meadowlands IBA--Mill Creek Marsh,US-NJ,30 Aug 2020,L389014,S72977751,"40.7959347,-74.0498471"
181,Snowy Egret - Egretta thula,3,Meadowlands IBA--Mill Creek Marsh,US-NJ,30 Aug 2020,L389014,S72977751,"40.7959347,-74.0498471"
182,Warbling Vireo - Vireo gilvus,1,Meadowlands IBA--Mill Creek Marsh,US-NJ,30 Aug 2020,L389014,S72977751,"40.7959347,-74.0498471"
183,Song Sparrow - Melospiza melodia,1,Meadowlands IBA--Mill Creek Marsh,US-NJ,30 Aug 2020,L389014,S72977751,"40.7959347,-74.0498471"
184,Great Egret - Ardea alba,1,Liberty SP,US-NJ,21 Aug 2020,L189035,S72647630,"40.7025698,-74.0493536"
185,Brown-headed Cowbird - Molothrus ater,4,Liberty SP,US-NJ,21 Aug 2020,L189035,S72647630,"40.7025698,-74.0493536"
186,Mute Swan - Cygnus olor,2,Morris Canal Basin,US-NJ,14 Aug 2020,L6341510,S72410021,"40.7110282,-74.0427876"
187,Ring-billed Gull - Larus delawarensis,1,"622 Marin Boulevard, Jersey City, New Jersey, US (40.733, -74.039)",US-NJ,13 Aug 2020,L12060996,S72376638,"40.7334646,-74.0389181"
188,Double-crested Cormorant - Phalacrocorax auritus,1,Liberty SP,US-NJ,05 Jul 2020,L189035,S71153864,"40.7025698,-74.0493536"
189,Chipping Sparrow - Spizella passerina,1,Liberty SP,US-NJ,05 Jul 2020,L189035,S71153864,"40.7025698,-74.0493536"
190,Mallard - Anas platyrhynchos,2,Morris Canal Basin,US-NJ,28 Jun 2020,L6341510,S70924557,"40.7110282,-74.0427876"
191,Common Tern - Sterna hirundo,1,Morris Canal Basin,US-NJ,28 Jun 2020,L6341510,S70924557,"40.7110282,-74.0427876"
192,Barn Swallow - Hirundo rustica,1,Morris Canal Basin,US-NJ,28 Jun 2020,L6341510,S70924557,"40.7110282,-74.0427876"
193,Canada Goose - Branta canadensis,13,"128 18th Street, Jersey City, New Jersey, US (40.734, -74.039)",US-NJ,18 Jun 2020,L11722510,S70573842,"40.7340868,-74.0391371"
194,American Crow - Corvus brachyrhynchos,5,"520 Jersey Avenue, Jersey City, New Jersey, US (40.721, -74.047)",US-NJ,18 Jun 2020,L11720409,S70562915,"40.7207898,-74.0465093"
195,House Finch - Haemorhous mexicanus,1,"Mercer Street, Jersey City, New Jersey, US",US-NJ,09 Jun 2020,L11465561,S70251748,"40.718171, -74.045039"
196,Red-winged Blackbird - Agelaius phoeniceus,1,Van Vorst Park,US-NJ,08 Jun 2020,L2824993,S70207686,"40.7180543,-74.0471381"
197,Common Grackle - Quiscalus quiscula,1,Van Vorst Park,US-NJ,08 Jun 2020,L2824993,S70207686,"40.7180543,-74.0471381"
198,Mourning Dove - Zenaida macroura,1,"Mercer Street, Jersey City, New Jersey, US",US-NJ,06 Jun 2020,L11465561,S70112013,"40.718171, -74.045039"
199,American Robin - Turdus migratorius,2,"Mercer Street, Jersey City, New Jersey, US",US-NJ,30 May 2020,L11465561,S69857030,"40.718171, -74.045039"
200,Chimney Swift - Chaetura pelagica,3,"Mercer Street, Jersey City, New Jersey, US",US-NJ,29 May 2020,L11519062,S69791313,"40.718171, -74.045039"
201,Cedar Waxwing - Bombycilla cedrorum,1,"Mercer Street, Jersey City, New Jersey, US",US-NJ,29 May 2020,L11519062,S69791313,"40.718171, -74.045039"
202,Rock Pigeon - Columba livia,3,"Mercer Street, Jersey City, New Jersey, US",US-NJ,25 May 2020,L11465561,S69635929,"40.718171, -74.045039"
203,Gray Catbird - Dumetella carolinensis,1,"Mercer Street, Jersey City, New Jersey, US",US-NJ,22 May 2020,L11519062,S69473656,"40.718171, -74.045039"
204,Northern Mockingbird - Mimus polyglottos,1,"Mercer Street, Jersey City, New Jersey, US",US-NJ,22 May 2020,L11473786,S69463645,"40.718171, -74.045039"
205,European Starling - Sturnus vulgaris,4,"Mercer Street, Jersey City, New Jersey, US",US-NJ,17 May 2020,L11473786,S69214490,"40.718171, -74.045039"
206,House Sparrow - Passer domesticus,15,"Mercer Street, Jersey City, New Jersey, US",US-NJ,17 May 2020,L11473786,S69214490,"40.718171, -74.045039"
207,Common Yellowthroat - Geothlypis trichas,2,"Mercer Street, Jersey City, New Jersey, US",US-NJ,16 May 2020,L11465561,S69165568,"40.718171, -74.045039"
208,Northern Cardinal - Cardinalis cardinalis,2,"Mercer Street, Jersey City, New Jersey, US",US-NJ,16 May 2020,L11465561,S69165568,"40.718171, -74.045039"
